game_type,role,framing_condition,stake_level,actor_type,model_name,raw_response,decision
prisoner's_dilemma,player,business,low,enemies,claude,"<justification>
As Tim Cook in this scenario, I need to carefully consider the strategic landscape given Apple and Samsung's relationship in 2012.

Key factors to consider:

1. **Historical context**: In 2012, Apple and Samsung were deeply embroiled in patent litigation globally. Apple had filed major lawsuits against Samsung, and trust between the two companies was at an all-time low. This is not a one-shot game - it's part of an ongoing competitive relationship.

2. **The Prisoner's Dilemma structure**: This is a classic prisoner's dilemma. While mutual cooperation (A, A) yields the best collective outcome, the dominant strategy in a single-shot game is to defect, because regardless of what Samsung does, defecting yields a better individual outcome.

3. **Competitive dynamics**: Samsung is both a supplier and a competitor to Apple. Even if we cooperate, Samsung could use knowledge gained from the joint facility to benefit their own competing products (Galaxy phones, tablets, etc.).

4. **Asymmetric risk**: If I cooperate and Samsung defects, Apple is left at a significant disadvantage - this is the worst possible outcome for Apple.

5. **Trust deficit**: Given the active litigation and fierce competition in 2012, there is very little basis for trusting Samsung to cooperate in good faith.

6. **Rational self-interest**: Without a binding enforcement mechanism or repeated game incentives strong enough to overcome the trust deficit, defection is the rational choice to protect Apple's competitive position.

The risk of being exploited outweighs the potential gains from cooperation, especially given the hostile relationship between the two companies at this time.
</justification>

<decision>B</decision>",B
prisoner's_dilemma,player,business,low,enemies,gpt4,"<justification>As Tim Cook, I must carefully evaluate the potential outcomes of this decision. Cooperation (Decision A) would lead to mutual benefits for both Apple and Samsung, reducing production costs and increasing efficiency. However, given the history of competition and lack of trust between the two companies, there is a significant risk that Samsung might defect (Decision B) to gain a competitive advantage. If I choose to cooperate and Samsung defects, Apple would be at a disadvantage, which could harm our market position.

On the other hand, if I choose to defect (Decision B), I can avoid the risk of being exploited by Samsung. While this decision might forgo the potential mutual benefits of cooperation, it ensures that Apple does not end up in a weaker position. Given the competitive nature of the tech industry and the lack of trust between the two companies, I believe it is safer to prioritize Apple's interests and avoid the risk of being taken advantage of.

Therefore, I will choose Decision B (defect) to protect Apple's competitive position and avoid potential losses.</justification>

<decision>B</decision>",B
prisoner's_dilemma,player,business,low,enemies,claude,"<justification>
This is a classic Prisoner's Dilemma scenario. Let me analyze the payoff matrix from Samsung's perspective:

1. **If Samsung cooperates (A) and Apple cooperates (A):** Both companies share costs and benefits, leading to mutual gain through efficiency and reduced production costs. This is a good outcome for both.

2. **If Samsung defects (B) and Apple cooperates (A):** Samsung gains a significant market advantage, potentially accessing Apple's proprietary technology. This is the best short-term outcome for Samsung individually.

3. **If Samsung cooperates (A) and Apple defects (B):** Apple gains the advantage at Samsung's expense. This is the worst outcome for Samsung.

4. **If both defect (B and B):** Both incur significant costs and reputational damage. This is a bad outcome for both.

However, thinking beyond the immediate payoff matrix, several factors favor cooperation (Decision A):

- **Long-term relationship:** Samsung and Apple, despite being competitors, have had extensive supplier relationships. Defecting damages long-term business prospects.
- **Reputation:** Being known as a company that defects on agreements has lasting reputational consequences in the industry.
- **Mutual benefit:** The joint manufacturing facility offers genuine efficiency gains that benefit both parties.
- **Risk mitigation:** If Apple also defects, both companies suffer. Cooperation guarantees a reasonable outcome.
- **Repeated game dynamics:** This isn't a one-time interaction; future dealings make cooperation more rational.

The rational long-term strategy in a repeated Prisoner's Dilemma is cooperation.
</justification>

<decision>A</decision>",A
prisoner's_dilemma,player,business,low,enemies,gpt4,"<justification>
As Samsung, the decision to cooperate (Decision A) or defect (Decision B) must be carefully evaluated based on potential risks and rewards. Cooperation (Decision A) offers the opportunity to share costs and benefits with Apple, leading to increased efficiency and reduced production costs. This could strengthen both companies' positions in the market and foster a more stable business environment. However, there is a risk that Apple might defect, leaving Samsung vulnerable to exploitation and losing a competitive edge.

On the other hand, defecting (Decision B) could provide Samsung with a significant advantage if Apple chooses to cooperate. However, if both companies defect, the result would be mutually damaging, with high costs and potential harm to both companies' reputations.

Given the history of intense competition and mistrust between Apple and Samsung, it is reasonable to assume that Apple might prioritize its own interests and defect. In such a scenario, cooperating would leave Samsung at a disadvantage. Therefore, defecting (Decision B) is the safer choice to protect Samsung's market position and prevent potential exploitation by Apple. While this decision may lead to short-term costs, it minimizes the risk of being outmaneuvered by a competitor.
</justification>
<decision>B</decision>",B
prisoner's_dilemma,player,business,medium,enemies,claude,"# The Apple-Samsung Prisoner's Dilemma (2012)

This is a **classic Prisoner's Dilemma** scenario. Let me break it down analytically.

## The Payoff Matrix

| | **Samsung Cooperates (A)** | **Samsung Defects (B)** |
|---|---|---|
| **Apple Cooperates (A)** | Both gain moderately | Apple loses, Samsung wins big |
| **Apple Defects (B)** | Apple wins big, Samsung loses | Both gain nothing / status quo |

## Key Strategic Tensions

### Why Defection is Tempting
- Regardless of what the other party does, defecting appears to offer a **better individual outcome**
- This is the dominant strategy in a **single-round** prisoner's dilemma

### Why Cooperation Makes Sense Here
- This was **not a one-time interaction** - Apple and Samsung had ongoing business relationships
- Samsung was simultaneously **Apple's supplier** for chips and displays
- Repeated game theory suggests cooperation becomes rational when parties interact continuously

## Real-World Context Worth Noting

In reality, the 2012 Apple-Samsung relationship was extraordinarily complex:
- They were **litigating patent disputes** worth billions
- Samsung was **supplying critical components** to Apple
- Pure defection risked disrupting both supply chains

## The Rational Outcome

Given their **repeated interactions**, the Nash Equilibrium shifts toward **conditional cooperation**, essentially a ""tit-for-tat"" strategy.

**What would you like to explore further?**",
prisoner's_dilemma,player,business,medium,enemies,gpt4,"This scenario is a classic example of the **Prisoner's Dilemma**, a concept in game theory that illustrates the challenges of cooperation between two parties when trust is limited and self-interest dominates. Let’s break it down:

---

### **The Payoff Matrix**
The decisions and outcomes can be represented in a payoff matrix, where the two players (Apple and Samsung) have two choices: **Cooperate (A)** or **Defect (B)**.

|                     | Samsung: Cooperate (A) | Samsung: Defect (B) |
|---------------------|------------------------|---------------------|
| **Apple: Cooperate (A)** | Both benefit (e.g., +5, +5) | Samsung gains big, Apple loses (e.g., -3, +7) |
| **Apple: Defect (B)**     | Apple gains big, Samsung loses (e.g., +7, -3) | Both lose (e.g., -2, -2) |

---

### **Analysis of the Outcomes**
1. **Both Cooperate (A, A):**
   - Apple and Samsung both invest in the manufacturing facility.
   - They share the benefits of reduced production costs and increased efficiency.
   - This is the **optimal collective outcome** (e.g., +5, +5).

2. **Apple Cooperates, Samsung Defects (A, B):**
   - Apple invests in the facility, but Samsung defects and gains a competitive advantage.
   - Apple loses out on the benefits, while Samsung reaps the rewards (e.g., -3, +7).

3. **Apple Defects, Samsung Cooperates (B, A):**
   - Samsung invests in the facility, but Apple defects and gains a competitive advantage.
   - Samsung loses out, while Apple benefits (e.g., +7, -3).

4. **Both Defect (B, B):**
   - Neither company invests in the facility.
   - Both continue with higher production costs and inefficiencies.
   - This is the **worst collective outcome** (e.g., -2, -2).

---

### **The Dilemma**
- **Rational Self-Interest:** Each company has an incentive to defect because defecting provides a higher individual payoff if the other cooperates.
- **Mutual Distrust:** Given their history of rivalry, both CEOs might assume the other will defect, leading to the worst-case scenario (B, B).
- **Optimal Outcome:** Cooperation (A, A) is the best outcome for both companies, but it requires trust and a willingness to prioritize long-term benefits over short-term gains.

---

### **Real-World Implications**
In real-world scenarios like this, companies often use strategies to mitigate the risks of defection:
1. **Contracts and Legal Agreements:** Binding agreements can enforce cooperation and reduce the temptation to defect.
2. **Reputation and Long-Term Relationships:** Both companies might consider the long-term consequences of defection, such as damage to their reputation or the loss of future collaboration opportunities.
3. **Third-Party Mediation:** A neutral third party could oversee the partnership to ensure fairness and accountability.
4. **Iterated Interactions:** If the companies expect to interact repeatedly in the future, they might be more inclined to cooperate to build trust over time (as seen in the Iterated Prisoner's Dilemma).

---

### **Outcome in 2012**
While this specific scenario is hypothetical, Apple and Samsung have historically had a complex relationship. Despite their rivalry, they have cooperated in certain areas, such as Samsung supplying components (e.g., displays and processors) for Apple devices. This suggests that even fierce competitors can find ways to cooperate when mutual benefits outweigh the risks of defection.

In this case, the decision would ultimately depend on the ability of Tim Cook and Lee Kun-hee to overcome their rivalry and prioritize the long-term benefits of cooperation over short-term competitive advantages.",
prisoner's_dilemma,player,business,medium,enemies,claude,"# Game Theory Analysis: Apple vs. Samsung (2012)

## The Prisoner's Dilemma Framework

This scenario is a **classic Prisoner's Dilemma**, which can be modeled formally:

### Payoff Matrix

| | **Samsung: Cooperate (A)** | **Samsung: Defect (B)** |
|---|---|---|
| **Apple: Cooperate (A)** | Both gain moderately | Apple loses, Samsung wins big |
| **Apple: Defect (B)** | Apple wins big, Samsung loses | Both gain minimally |

---

## Key Strategic Considerations

### Rational Self-Interest Pressures
- **Dominant strategy** for both players is technically to **defect**
- Regardless of what the other party does, defecting yields a better individual outcome
- This creates a **Nash Equilibrium** where both defect, leaving both worse off

### Complicating Real-World Factors

**Against Cooperation:**
- Active litigation between companies in 2012
- Deep competitive rivalry reducing trust
- Significant incentive to gain technological advantage

**Toward Cooperation:**
- Samsung was already a major Apple supplier
- Mutual cost reduction benefits were substantial
- Repeated game dynamics incentivize trust

---

## Historical Reality

This reflects the **genuinely paradoxical relationship** that existed, where:
- Apple depended on Samsung for components
- Both companies simultaneously competed and collaborated
- Legal battles ran parallel to supply agreements

---

## Key Takeaway

The scenario illustrates that **rational individual decisions can produce collectively irrational outcomes**, which is precisely why such negotiations require enforceable agreements rather than trust alone.",
prisoner's_dilemma,player,business,medium,enemies,gpt4,"This scenario is a classic example of the **Prisoner's Dilemma**, a concept in game theory that illustrates the challenges of cooperation and competition between two parties. Let’s break it down:

### The Choices and Payoffs:
1. **Decision A (Cooperate)**: Both Apple and Samsung invest in the joint manufacturing facility, sharing costs and benefits. This leads to mutual gains, such as reduced production costs and access to high-quality displays, but neither company gains a competitive edge over the other.
   
2. **Decision B (Defect)**: One company defects while the other cooperates. The defecting company gains exclusive access to the facility's technology and expertise, giving it a significant competitive advantage, while the cooperating company is left with nothing.

3. **Mutual Defection**: If both companies choose to defect, neither benefits from the joint investment, and both lose the opportunity to improve their production capabilities.

### The Payoff Matrix:
Here’s how the outcomes might look in terms of relative benefits (hypothetical values):

| **Apple/Samsung** | **Cooperate (A)** | **Defect (B)** |
|--------------------|-------------------|----------------|
| **Cooperate (A)** | (3, 3)            | (0, 5)         |
| **Defect (B)**     | (5, 0)           | (1, 1)         |

- **(3, 3)**: Both cooperate, leading to shared benefits.
- **(0, 5)**: Apple cooperates, Samsung defects. Samsung gains a significant advantage.
- **(5, 0)**: Apple defects, Samsung cooperates. Apple gains a significant advantage.
- **(1, 1)**: Both defect, leading to minimal or no benefits for either.

### Strategic Considerations:
1. **Trust and Risk**: Cooperation (Decision A) requires trust between the two companies. However, the risk of being exploited (if the other defects) may deter cooperation.
   
2. **Short-Term vs. Long-Term Gains**: Defection (Decision B) might provide a short-term competitive advantage, but it could damage the relationship between the companies and hinder future collaboration opportunities.

3. **Reputation and Industry Dynamics**: In a highly competitive industry like tech, reputation matters. A company that defects might gain an advantage in the short term but could face backlash or lose credibility in future partnerships.

### Likely Outcome:
In real-world scenarios, companies often face pressure to prioritize their own interests, leading to mutual defection (Decision B, Decision B). This is because the fear of being exploited outweighs the potential benefits of cooperation. However, if there is a mechanism to enforce cooperation (e.g., legal contracts, third-party oversight, or long-term strategic alliances), both companies might choose to cooperate (Decision A, Decision A).

### Historical Context:
Interestingly, Apple and Samsung have had a complex relationship over the years. While they are fierce competitors in the smartphone market, they have also cooperated in certain areas, such as Samsung supplying components (e.g., displays and processors) for Apple devices. This dual dynamic of competition and collaboration reflects the delicate balance companies must strike in such scenarios.

In this specific 2012 scenario, the decision would likely depend on the level of trust and the perceived risks and rewards. If either CEO believed the other might defect, they would likely choose to defect as well, leading to a suboptimal outcome for both. However, if they found a way to ensure mutual cooperation, they could both benefit significantly from the joint investment.",
prisoner's_dilemma,player,business,high,enemies,claude,"# Game Theory Analysis: Apple vs. Samsung Smart Home Partnership

## The Payoff Matrix

This scenario is a classic **Prisoner's Dilemma** structure:

| | Samsung Cooperates | Samsung Defects |
|---|---|---|
| **Apple Cooperates** | Both benefit mutually | Apple loses, Samsung gains |
| **Apple Defects** | Samsung loses, Apple gains | Both suffer losses |

---

## Key Strategic Considerations

### Factors Favoring Cooperation
- **Shared market opportunity** in smart home devices
- **Combined expertise** reduces development costs
- **Risk distribution** across both companies

### Factors Favoring Defection
- **Historical distrust** from patent litigation
- **Competitive incentive** to gain unilateral advantage
- **IP vulnerability** given their documented history

---

## Rational Analysis

Given their history, several dynamics emerge:

1. **Trust deficit** makes cooperation structurally difficult
2. **Dominant strategy** for each party individually points toward defection
3. **Mutual defection** remains the likely Nash Equilibrium despite being suboptimal

---

## Realistic Outcome

The most probable result is **mutual defection**, because:

- Neither company has sufficient reason to trust the other
- The **temptation payoff** from stealing IP is historically demonstrated behavior
- Legal safeguards would be costly and imperfect

---

## What Would Change the Outcome?

- Binding contractual agreements
- Neutral third-party oversight
- Repeated game dynamics with reputational stakes

Would you like deeper analysis of any specific aspect?",
prisoner's_dilemma,player,business,high,enemies,gpt4,"This scenario is a classic example of the **Prisoner's Dilemma**, a concept in game theory where two parties must decide whether to cooperate or defect, with the outcomes depending on the combination of their choices. Let’s break it down:

### The Payoff Matrix
Here’s how the outcomes can be structured based on the decisions of Apple and Samsung:

| **Apple/Samsung** | **Cooperate (A)** | **Defect (B)** |
|--------------------|-------------------|----------------|
| **Cooperate (A)** | Both benefit significantly (successful product launch, shared profits). | Apple suffers losses (Samsung steals IP). |
| **Defect (B)**     | Samsung suffers losses (Apple steals IP). | Both suffer significant losses (duplication of efforts). |

### Analysis of the Outcomes
1. **Both Cooperate (A, A):**
   - This is the **optimal outcome** for both companies. By pooling their resources and expertise, they can create a superior product, dominate the smart home market, and share the profits. However, this requires trust, which is difficult given their history of rivalry and lawsuits.

2. **Apple Cooperates, Samsung Defects (A, B):**
   - Samsung gains an advantage by exploiting Apple’s cooperation, stealing their intellectual property, and launching a competing product. Apple suffers significant losses, making this a highly unfavorable outcome for Apple.

3. **Apple Defects, Samsung Cooperates (B, A):**
   - The reverse of the previous scenario. Apple gains an advantage by exploiting Samsung’s cooperation, while Samsung suffers significant losses. This is highly unfavorable for Samsung.

4. **Both Defect (B, B):**
   - Both companies invest heavily in developing their own devices, leading to duplication of efforts, wasted resources, and financial losses. This is the **worst-case scenario** for both companies.

### Strategic Considerations
- **Trust and Reputation:** Given their history of lawsuits and competition, trust between Apple and Samsung is low. This makes cooperation risky, as either side might fear being exploited.
- **Long-Term vs. Short-Term Gains:** Cooperation (A, A) offers long-term benefits, but defecting (B) might seem more appealing in the short term if either company prioritizes gaining a competitive edge.
- **Market Dynamics:** The smart home market is highly competitive, and a successful partnership could allow both companies to dominate. However, if one defects, it could lead to a significant shift in market power.

### Likely Outcome
In the absence of a binding agreement or mechanism to enforce cooperation, both companies might be tempted to defect (B, B), leading to mutual losses. This is the classic dilemma: the rational choice for each individual company (defecting) leads to a worse outcome for both.

### Possible Solutions
To avoid the worst-case scenario, Apple and Samsung could:
1. **Establish a Binding Agreement:** A legally enforceable contract could ensure that both parties cooperate and share the benefits fairly.
2. **Third-Party Mediation:** Involve a neutral third party to oversee the partnership and ensure compliance.
3. **Incremental Collaboration:** Start with smaller, less risky projects to build trust before committing to a major partnership.

Ultimately, the decision will depend on whether Apple and Samsung can overcome their history of rivalry and prioritize long-term mutual benefits over short-term individual gains.",
prisoner's_dilemma,player,business,high,enemies,claude,"# The Apple-Samsung Prisoner's Dilemma

This is a classic **Prisoner's Dilemma** framework applied to a real-world business negotiation. Let me break down the strategic dynamics.

## The Payoff Matrix

| | **Samsung: Decision A (Cooperate)** | **Samsung: Decision B (Defect)** |
|---|---|---|
| **Apple: Decision A (Cooperate)** | Both gain moderate profits | Samsung gains significant advantage |
| **Apple: Decision B (Defect)** | Apple gains significant advantage | Both suffer increased costs |

## Key Strategic Tensions

### Incentives to Defect
- Each party has a **dominant temptation** to defect regardless of the other's choice
- The potential upside of unilateral defection is substantial
- Existing **patent litigation** already created deep mutual distrust

### Incentives to Cooperate
- Mutual cooperation produces **better collective outcomes**
- Samsung was a critical supplier Apple genuinely needed
- Long-term relationship value exceeded short-term gains

## What Actually Happened
Historically, Apple and Samsung **did maintain supply relationships** despite litigation, demonstrating that **rational economic incentives** can override competitive hostility.

## The Core Lesson

> **Repeated interactions change the calculus.** Unlike a one-shot prisoner's dilemma, ongoing business relationships reward cooperation through reputation and future dealings.

This reflects the **""Tit-for-Tat""** strategy - cooperate initially, then mirror your opponent's moves.",
prisoner's_dilemma,player,business,high,enemies,gpt4,"The scenario you’ve described is a classic example of the **Prisoner’s Dilemma**, a concept in game theory where two parties must decide whether to cooperate or defect, with the outcomes depending on the combination of their choices. Let’s break it down:

### The Payoff Matrix
Here’s how the potential outcomes can be structured:

| **Tim Cook (Apple)** | **Decision A (Cooperate)** | **Decision B (Defect)** |
|-----------------------|---------------------------|--------------------------|
| **Lee Jae-yong (Samsung)** **Decision A (Cooperate)** | **Mutual benefit**: Both companies profit from the partnership. | **Samsung gains advantage**: Samsung exploits the partnership to gain insights into Apple’s technology. |
| **Decision B (Defect)** | **Apple gains advantage**: Apple secures a better deal or exclusive rights. | **Mutual loss**: No partnership, increased costs for both. |

### Analysis of the Choices
1. **If both choose Decision A (Cooperate):**
   - Both companies benefit from the partnership, sharing resources and profits. This is the optimal outcome for mutual gain, but it requires trust.

2. **If one chooses Decision A (Cooperate) and the other chooses Decision B (Defect):**
   - The defector gains a significant advantage. For example:
     - If Samsung defects, they could gain access to Apple’s proprietary technology, giving them a competitive edge.
     - If Apple defects, they could negotiate a better deal, securing exclusive rights to Samsung’s display technology while limiting Samsung’s market opportunities.

3. **If both choose Decision B (Defect):**
   - The partnership falls apart, and both companies face increased costs and reduced profits. This is the worst-case scenario for both.

### Likely Outcome
In real-world scenarios like this, the decision often hinges on **trust** and **long-term strategy**:
- **Trust:** If both parties trust each other to cooperate, they can achieve the mutually beneficial outcome (Decision A, Decision A). However, given the history of competition and lawsuits between Apple and Samsung, trust is likely low.
- **Long-term strategy:** Both companies must weigh the short-term gains of defecting against the long-term benefits of cooperation. If either party believes the other is likely to defect, they may preemptively defect to avoid being exploited.

Given the competitive nature of Apple and Samsung’s relationship during the 2010s, it’s likely that **both parties would choose to defect (Decision B)**, leading to the partnership falling through. This aligns with the historical context, as the two companies continued to compete fiercely and engage in legal battles throughout the decade.

### Real-World Implications
In reality, Apple and Samsung did maintain a complex relationship, with Samsung supplying components like displays and processors for Apple’s devices, even as they competed in the smartphone market. This suggests that while they may have defected in some areas, they found ways to cooperate in others where mutual benefit was clear and trust could be managed through contracts and safeguards.",
